Model,R2,MAE,RMSE,MAPE,Accuracy_%
XGBoost,0.9025239944458008,1.1047931909561157,1.6953918157209196,4.063537261329094,95.9364627386709
RandomForest,0.8990743396979161,1.1213526065378343,1.7016234783081727,4.095257097215563,95.90474290278443
