Target,R2,MAE,RMSE,MAPE_%,Accuracy_%,Goal_Met
Hardness,0.9837497587504225,2.2851703755607065,2.9046039041629665,2.7134467356882754,97.28655326431172,✓
Content_Uniformity,0.9126396628575484,0.9334163528292442,1.1740930636267826,1.0731403822518824,98.92685961774812,✓
Dissolution_Rate,0.7738251203580675,1.916123809362343,2.3840556345680475,2.1283589961017437,97.87164100389826,✓
Tablet_Weight,0.8727832278439873,0.9339185710114165,1.1758597715405112,0.46255062670061287,99.5374493732994,✓
Friability,0.8984217523468017,0.09069999671068886,0.11379786974066526,10.95534172553599,89.04465827446401,✗
Disintegration_Time,0.9737243966442168,0.4694298220576392,0.5929444813198078,7.048385101696058,92.95161489830394,✓
