{
  "overall_metrics": {
    "r2_score": 0.9025239944458008,
    "mae": 1.1047931909561157,
    "rmse": 1.6953918157209196,
    "mape": 4.063537261329094,
    "accuracy_percent": 95.9364627386709
  },
  "per_target_metrics": {
    "Hardness": {
      "r2": 0.9837497587504225,
      "mae": 2.2851703755607065,
      "rmse": 2.9046039041629665,
      "mape": 2.7134467356882754,
      "accuracy_percent": 97.28655326431172
    },
    "Content_Uniformity": {
      "r2": 0.9126396628575484,
      "mae": 0.9334163528292442,
      "rmse": 1.1740930636267826,
      "mape": 1.0731403822518824,
      "accuracy_percent": 98.92685961774812
    },
    "Dissolution_Rate": {
      "r2": 0.7738251203580675,
      "mae": 1.916123809362343,
      "rmse": 2.3840556345680475,
      "mape": 2.1283589961017437,
      "accuracy_percent": 97.87164100389826
    },
    "Tablet_Weight": {
      "r2": 0.8727832278439873,
      "mae": 0.9339185710114165,
      "rmse": 1.1758597715405112,
      "mape": 0.46255062670061287,
      "accuracy_percent": 99.5374493732994
    },
    "Friability": {
      "r2": 0.8984217523468017,
      "mae": 0.09069999671068886,
      "rmse": 0.11379786974066526,
      "mape": 10.95534172553599,
      "accuracy_percent": 89.04465827446401
    },
    "Disintegration_Time": {
      "r2": 0.9737243966442168,
      "mae": 0.4694298220576392,
      "rmse": 0.5929444813198078,
      "mape": 7.048385101696058,
      "accuracy_percent": 92.95161489830394
    }
  }
}