{
  "sample_input": {
    "Granulation_Time": 23.206187537706963,
    "Binder_Amount": 10.992416592836989,
    "Drying_Temp": 53.415316095656436,
    "Drying_Time": 37.65199737945249,
    "Machine_Speed": 228.18017431553062,
    "Lubricant_Conc": 1.718808288705388,
    "Moisture_Content": 1.2018583632814843,
    "Temperature_C_mean": 44.11345858016278,
    "Temperature_C_std": 14.030215894022856,
    "Temperature_C_max": 72.17389036820849,
    "Temperature_C_min": 23.068134739128496,
    "Temperature_C_range": 49.105755629079994,
    "Temperature_C_cv": 0.3180484220825082,
    "Pressure_Bar_mean": 0.8838516730513145,
    "Pressure_Bar_std": 0.08493722958517987,
    "Pressure_Bar_max": 1.0537261322216742,
    "Pressure_Bar_min": 0.7564458286735447,
    "Pressure_Bar_range": 0.2972803035481295,
    "Pressure_Bar_cv": 0.09609896340632779,
    "Motor_Speed_RPM_mean": 243.9583858324963,
    "Motor_Speed_RPM_std": 204.2185054790017,
    "Motor_Speed_RPM_max": 652.3953967904997,
    "Motor_Speed_RPM_min": -62.36937238600623,
    "Motor_Speed_RPM_range": 714.764769176506,
    "Motor_Speed_RPM_cv": 0.8371038525485073,
    "Compression_Force_kN_mean": 8.982295263849943,
    "Compression_Force_kN_std": 1.1293761317203241,
    "Compression_Force_kN_max": 11.241047527290592,
    "Compression_Force_kN_min": 7.288231066269457,
    "Compression_Force_kN_range": 3.9528164610211345,
    "Compression_Force_kN_cv": 0.12573356506460379,
    "Humidity_Percent_mean": 45.3779848080183,
    "Humidity_Percent_std": 7.983862726902596,
    "Humidity_Percent_max": 61.34571026182349,
    "Humidity_Percent_min": 33.4021907176644,
    "Humidity_Percent_range": 27.943519544159088,
    "Humidity_Percent_cv": 0.17594132010795083,
    "Flow_Rate_LPM_mean": 1.718109453596243,
    "Flow_Rate_LPM_std": 1.7808651831850602,
    "Flow_Rate_LPM_max": 5.279839819966363,
    "Flow_Rate_LPM_min": -0.9531883211813472,
    "Flow_Rate_LPM_range": 6.23302814114771,
    "Flow_Rate_LPM_cv": 1.0365254337737502,
    "Power_Consumption_kW_mean": 22.39954616118507,
    "Power_Consumption_kW_std": 16.293654026221922,
    "Power_Consumption_kW_max": 54.98685421362892,
    "Power_Consumption_kW_min": -2.0409348781478123,
    "Power_Consumption_kW_range": 57.027789091776725,
    "Power_Consumption_kW_cv": 0.7274099743612803,
    "Vibration_mm_s_mean": 5.47142174423519,
    "Vibration_mm_s_std": 1.7672152347618926,
    "Vibration_mm_s_max": 9.005852213758976,
    "Vibration_mm_s_min": 2.8205988920923515,
    "Vibration_mm_s_range": 6.185253321666624,
    "Vibration_mm_s_cv": 0.3229900735825739,
    "Total_Energy_kWh": 22.719928705630835,
    "Power_Variability": 0.7274099743612803,
    "Peak_Power": 54.98685421362892,
    "Avg_Power": 22.39954616118507,
    "Power_Efficiency": -0.03711677764110341,
    "Vibration_RMS": 5.749739610561872,
    "Vibration_Peak": 9.005852213758976,
    "Vibration_Stability": 1.7672152347618926,
    "Thermal_Stability": 0.3180484220825082,
    "Temp_Rate_Change": 2.0286447650042354,
    "Compression_Consistency": 0.12573356506460379,
    "Avg_Compression": 8.982295263849943,
    "Mechanical_Work": 2191.3062536397088,
    "Pressure_Temp_Product": 38.989754170156736,
    "Speed_Flow_Ratio": 141.99225976528905,
    "Energy_Per_Unit": 0.11020374578017254,
    "Specific_Power": 0.0918170777074566,
    "Power_Load_Factor": 0.4073618335538704,
    "Compression_Energy": 201.19933739600086,
    "Energy_Intensity": 0.3733257632187287,
    "Asset_Health_Index": -0.006455382973785371,
    "Vibration_Power_Ratio": 0.40205510178191084,
    "Stability_Index": 0.9565173008168255,
    "Thermal_Efficiency": 1.9693906427092658,
    "Compression_Efficiency": 1.5622087798795816,
    "Flow_Efficiency": 1.9438866973890945,
    "Moisture_Temp_Interaction": 53.018129127839984,
    "Binder_Compression_Interaction": 98.73713150010522,
    "Lubricant_Speed_Interaction": 419.31769566808174,
    "Drying_Efficiency": 1673.4015668564095,
    "Heat_Input": 2356.3343341320424,
    "Total_Process_Time": 60.85818491715945,
    "Time_Energy_Product": 1363.1957223378502,
    "Compression_Squared": 80.68162820698113,
    "Temperature_Squared": 1945.997227903737,
    "Speed_Squared": 59515.694017997135,
    "Power_Squared": 501.73966822706086,
    "Compression_Pressure_Ratio": 10.16266119650967,
    "Speed_Power_Ratio": 10.891219544618215,
    "Temp_Humidity_Ratio": 0.972133465041719
  },
  "expected_output": {
    "Hardness": 75.79636067076949,
    "Content_Uniformity": 85.76781423061936,
    "Dissolution_Rate": 94.31665527259307,
    "Tablet_Weight": 206.16294332451608,
    "Friability": 0.9965938565294973,
    "Disintegration_Time": 4.926570335238881
  }
}