{
  "Hardness": {
    "mean": 91.62129243598145,
    "std": 22.721902630425507,
    "min": 30.797732992281574,
    "max": 146.52012796450137,
    "median": 92.64038173200663
  },
  "Content_Uniformity": {
    "mean": 87.01625221679787,
    "std": 3.8391907368557585,
    "min": 75.7665082239396,
    "max": 99.6359238328775,
    "median": 86.8203659805962
  },
  "Dissolution_Rate": {
    "mean": 90.72660940874059,
    "std": 5.036042208929288,
    "min": 75.85530140486816,
    "max": 108.93182309508884,
    "median": 90.38992091001653
  },
  "Tablet_Weight": {
    "mean": 202.11694077774507,
    "std": 3.2183309134913087,
    "min": 194.62334775222607,
    "max": 214.9807848259484,
    "median": 201.64555189032967
  },
  "Friability": {
    "mean": 0.9969411280803578,
    "std": 0.35866896242522295,
    "min": 0.09689861007858644,
    "max": 2.373433002395795,
    "median": 0.9471794794206504
  },
  "Disintegration_Time": {
    "mean": 8.351955914043945,
    "std": 3.60501400159066,
    "min": 1.1894391551804746,
    "max": 19.110455041244535,
    "median": 7.9454914307517
  }
}